{"Loss/Valid":4933.703127731645,"_wandb":{"runtime":1},"_runtime":1,"_timestamp":1.7542488589266129e+09,"_step":11,"Loss/Train":114.58343316690174}