{"Loss/Valid":4933.703126202815,"_wandb":{"runtime":1},"_runtime":1,"Loss/Train":109.31625657354324,"_timestamp":1.7542484276036859e+09,"_step":9}