{"_timestamp":1.7542485095731313e+09,"_step":15,"Loss/Train":105.47676810221397,"Loss/Valid":4933.70313833484,"_wandb":{"runtime":1},"_runtime":1}